ReparacionesCodigo;ReparacionesFecha;ClientesCodigo;EquiposCodigo;ReparacionesFalla;ReparacionesInformeTecnico;ReparacionesFechaEntregado;ReparacionesTerminada;ReparacionesAccesorios;TecnicosCodigo;ReparacionesEntrega;ReparacionesCostoManoObra
1;2025-08-11;1;1;Se ha identificado una falla en la motherboard: el disipador del chip de video se sobrecalienta. Se recomienda cambio de mother, micro y memoria;Se procedió al cambio de mother, micro y memoria pero la falla persiste.;98-11-26;1;Mother Gigabyte H510M - Intel I3-10105 - DDR4 8GB;5;0.0;0.0
2;2025-08-11;10;2;Configuracion de usuario;;2025-08-11;1;;2;0.0;0.0
3;2025-08-11;4;5;Reclamo: No se conecta la impresora- Sergio;El Servicio de cola de impresión estaba detenido. Solucionado.;2025-08-11;1;;8;0.0;0.0
4;2025-08-08;5;6;Solicita la revisión de la PC y backup.;11/08/2025 Por nota aclaran que no es necesario el resguardo de los datos.;2025-08-13;1;;7;0.0;0.0
5;2025-08-13;6;7;El Word Office se cierra transcurridos unos minutos. Se instala una versión anterior (Office 2013);La versión instalada de Office 2024, no es estable por lo cual se instala una versión anterior.(2013);2025-08-13;1;;8;0.0;0.0
6;2025-08-14;7;8;No puede imprimir.;Se reinstala los drivers de la impresora, además la cola de impresión estaba detenida. Solucionado.;2025-08-14;1;;8;0.0;0.0
7;2025-08-14;8;9;Archivo de Excel corrupto;Se trató de recuperar archivo dañado de la carpeta compartida. Solucionado.;2025-08-14;1;;8;0.0;0.0
8;2025-08-18;9;10;PC se reinicia.Da pantallazo azul. Posible falla de disco.;Se intento hacer backup desde la misma pc, tambien colgandola de otra pc y en ambos casos se clava. 21/8 se deja informe para solicitar disco nuevo. 15/09 traen disco nuevo, se procede al cambio;2025-11-12;1;;2;0.0;0.0
9;2025-08-18;10;11;No permite imprimir doble cara. Se reinstala drivers de la impresora y se configura Preferencias de Impresión.;Solucionado.;2025-08-18;1;;8;0.0;0.0
10;2025-08-21;11;12;Revisar y optimizar funcionamiento.;;98-11-26;1;;6;0.0;0.0
11;2025-08-21;11;13;Revisar y optimizar funcionamiento.;Limpieza, Formateo e instalacion de sistema operativo y aplicaciones;2026-02-27;1;;6;0.0;0.0
12;2025-09-10;12;14;Reemplazar Fuente y Disco. Instalar Sist Operativo/Programas;Lista;2025-09-15;1;Fuente Noga 700W. Disco SSD HIKSEMI 240 GB;8;0.0;0.0
13;2025-09-15;11;15;Revisar;Pc no encendia, se prueba con otra fuente, funciona. Solicito fuente nueva mediante nota.;2025-10-31;1;;2;0.0;0.0
14;2025-09-15;11;16;Revisar;Formateo e instalacion de SO, programas y Pregase con logo nuevo.;2025-10-31;1;;8;0.0;0.0
15;2025-09-18;14;17;Funcionamiento muy lento con reinicios constantes. Se reinstalo Sistema Operativo varias veces, chequeo de disco pasado con reparaciones.;Personal de Gestión de Títulos la retira hasta tanto consiga el repuesto.;2025-11-06;1;Ninguno;6;0.0;0.0
16;2025-09-18;14;18;Funcionamiento muy lento con reinicios constantes. Se reinstalo Sistema Operativo varias veces, chequeo de disco pasado con reparaciones.;Personal de Gestión de Títulos la retira hasta tanto consiga el repuesto.;2025-11-06;1;Ninguno;4;0.0;0.0
17;2025-09-18;14;19;Disco en modo sólo lectura. Se reinicia constantemente. No puede generarse partición ni instalar sistema operativo.;Personal de Gestión de Títulos la retira hasta tanto consiga el repuesto.;2025-11-06;1;Ninguno;4;0.0;0.0
18;2025-09-19;7;20;Se observa que el sistema se reinició en repetidas oportunidades mostrando el siguiente mensaje de error: System Service Exception.;Mediante las herramientas de diágnostico se detecta sectores defectuosos en el disco SSD. Se recomienda su reemplazo.Se realiza y entrega informe técnico para iniciar expediente.;2025-09-25;1;Ninguno;0;0.0;0.0
19;2025-09-25;15;21;No levanta sistema operativo. Falla de disco;Debido a la falla de disco, se realizó su reemplazo. Se instalo sistema operativo y se hizo backup de los datos del disco dañado.;2025-09-25;1;;7;0.0;0.0
20;2025-09-26;7;22;Formatear e instalar SO+programas;Terminada y Entregada;2025-09-29;1;;8;0.0;0.0
21;2025-10-02;4;23;Se reinicia, anda lento;Se formateo, se hizo backup. Lista para retirar.  Retirada y vuelta a traer por falla electrica al iniciar.  Se probo y recupero en area tecnica y ya esta lista para retiro;2025-10-20;1;;2;0.0;0.0
22;2025-10-02;17;24;Unidad estado solido con falla critica, se solicitara reemplazo;;98-11-26;0;;3;0.0;0.0
23;2025-10-09;18;25;Revisión y urgente reparación.;Reparación de disco HD utilizando la herramienta HDD Regenerator. Formateo e instalación. Se realizó backup en carpeta Backup16octubre25.;2025-10-20;1;Sin accesorios;8;0.0;0.0
24;2025-10-14;1;26;Revisión y diagnóstico, debido a su mal funcionamiento.;Falla en disco por lo cual se solicita su reemplazo. Se realizó y entregó informe técnico necesario para el inicio del expediente.;2025-10-24;1;;4;0.0;0.0
25;2025-10-14;7;27;Se observa que la PC sólo tiene un puerto USB funcionando.;Se realizo limpieza con aire, se cambio pasta termica, se lubricaron puertos USB, se controlaron los puertos USB y se constato su funcionamiento. LISTA P RETIRAR;2025-10-27;1;;3;0.0;0.0
26;2025-10-15;19;28;La PC fue traida por cambio de Disco, ya habia sido revisada con anterioridad, solicitandosele en esa oportunidad disco nuevo mediante informe;15/10/25 PC lista para retirar acompañada de disco anterior con falla (MarkVision). Formateada e instalados programas. Sin backup (no solicitado)16/10/25 la pc fue retirada y configurada en su puesto;2025-10-16;1;Disco SSD HIKSEMI WAVE;2;0.0;0.0
27;2025-10-16;20;29;Fue traida por personal de Superior para revision de Posible falla de disco;Se intento formatear, donde el sistema da un mensaje de falla inminente de disco. se hizo informe para solicitar disco nuevo. deben pasar a retirar el informe, la pc quedara en espera;2026-03-03;1;;2;0.0;0.0
28;2025-10-16;20;30;Fue traida por personal de Superior para revisión de posible falla de disco, no mostraba imagen;la pc presenta falla de disco y microprocesador. se hizo informe para solicitar los repuestos. la pc quedara en la oficina hasta que lleguen, deben retirar el informe;2026-03-03;1;;4;0.0;0.0
29;2025-10-22;21;31;Fue traida para cambio de disco;Se procedio al cambio de disco e instalacion de sistema operativo y programas. lista para ser retirada. Retirada por Carolina el 28/10/2025;2025-10-28;1;Disco Hiksemi;2;0.0;0.0
30;2025-10-23;7;32;Fue traida a la oficina por pantalla azul y error de confianza en el dominio;Se realizo informe de pedido de disco, el que ya fue provisto y se procedio a la instalacion del sistema operativo y programas. Lista para ser retirada;2025-10-27;1;;2;0.0;0.0
31;2025-10-27;7;27;;;98-11-26;0;Falla en los Puertos USB;1;0.0;0.0
32;2025-10-30;11;33;No enciende;La fuente enciende pero no levanta la placa madre.  Se probo con otra y anda.Se realiza informe para pedido de fuente. Fue llevada a su oficina hasta la llegada del repuesto;98-11-26;1;;2;0.0;0.0
33;2025-11-04;6;34;No funciona el boton de encendido.  Actualmente se estaba utilizando el boton de reinicio, ya que el original de encendido no funcionaba y tambien dejo de funcionar;Le realice una limpieza a ambos botones y quedaron funcionando. Se retiro el dia 05/11;2025-11-06;1;;2;0.0;0.0
34;2025-11-05;23;35;No enciende.;Falla memoria RAM. Se realiza informe para inicio de expediente.;98-11-26;1;Ninguno;4;0.0;0.0
35;2025-11-05;24;36;Armado e instalación de Sistema Operativo y programas;"La PC armada funciona correctamente. Se realiza nota a fin de constatar que se entrega fuente Cromax 600W; dado que se utiliza la que traía el gabinete.";2025-11-11;1;Gabinete Cromax. Mother MSI pro H510MBII. Ram 4GB. Micro Intel Core I3-10105. SD 240GB. Fuente Cromax 600W;8;0.0;0.0
36;2025-11-05;17;37;Cambio de disco;Cambio realizado, lista para retirar junto a disco viejo;2025-11-06;1;Disco solido crucial BX 500 240 GB;2;0.0;0.0
37;2025-11-05;17;24;Cambio de disco;Instalación SO+programas;2025-11-06;1;Disco Solido Crucial BX 500 240 gb;8;0.0;0.0
38;2025-11-06;24;38;Armado e instalación de SO y programas;;2025-11-11;1;Gabinete Cromax-Mother MSI pro H510MBII. Ram 4 GB. Micro Intel Core I3-10105 . SD 240 GB;6;0.0;0.0
39;2025-11-11;22;39;Se calienta;Limpieza y cambio de pasta térmica del micro.;2025-11-28;1;;8;0.0;0.0
40;2025-11-11;11;40;No funciona Pregase;;98-11-26;0;;4;0.0;0.0
41;2025-11-13;21;41;Fue traida para cambio de disco. Lista para entregar;;98-11-26;1;Disco solido de 240 GB Crucial BX 500;2;0.0;0.0
42;2025-11-17;4;42;Relevamiento;Especificaciones técnicas: Micro->Intel(R) Core(TM) i3-10105. RAM->4,00 GB (3,83 GB usable). SD de 240 GB Markvision (46 días).Mother GIGABYTE H510M-H. Fuente EUROCASE 500w.Funciona bien.;98-11-26;1;;0;0.0;0.0
43;2025-11-17;4;43;Relevamiento;Imprime toda la hoja en negro. Falla en los contactos del toner. Se soluciona y ya funciona correctamente.;2025-12-03;1;;8;0.0;0.0
44;2025-11-20;11;44;Pantalla azul - Se solicita CAMBIO SSD;Durante su examinación se encontro cooler micro suelto y se solicita un recambio de SSD.;98-11-26;1;;5;0.0;0.0
45;2025-11-28;25;40;No inicia sesion normalmente;El sistema operativo estaba con un error, no permitia hacer ningun cambio. Se formateo sin backup. Lista para retirar;2026-01-12;1;;2;0.0;0.0
46;2025-12-01;26;45;Instalar SO en disco SSD;Se instala SO, más programas.;2025-12-03;1;Disco SSD 240 GB. Marca Hiksemi;4;0.0;0.0
47;2025-12-02;24;46;Pc se enciende y apaga.;El encendio no funciona correctamente, esto provoco un error en el inicio de windows que ya fue reparado y se cambio el encendido por el boton de reinicio. Se anula encendido original. Lista;98-11-26;1;;2;0.0;0.0
48;2025-12-02;27;47;;Se procedio con el recambio del Disco (s/backup) por una unidad SSD Crucial modelo BX500 240GB. Formateo + WIN10 PRO + Utilitarios;2025-12-04;1;Disco SSD Crucial modelo BX500 240GB;5;0.0;0.0
49;2025-12-02;27;48;;Se instaló SO, más programas en disco SSD Crucial.;2025-12-04;1;Disco SSD Crucial Modelo BX500- 240 GB;8;0.0;0.0
50;2025-12-03;4;49;No enciende correctamente.  ;El boton de encendido esta roto.  Se cambio el encendido para el boton de reinicio. Entregada;2025-12-03;1;-;2;0.0;0.0
51;2025-12-03;4;50;No imprime;La impresora realiza su secuencia mecánica, la luz de atención y Listo permanecen apagadas y tampoco reacciona al botón de cancelar para realizar un autodiagnóstico esto indica fallo dela placa lógica;2025-12-03;1;No tiene;8;0.0;0.0
52;2025-12-04;10;51;No enciende;Se instalo el SO en un disco con fallas provisoriamente. Se realiza informe para pedido de SSD. El backup se guarda en otro SSD(original);2025-12-05;1;;8;0.0;0.0
53;2025-12-05;4;52;No enciende;La PC enciende y funciona bien. Se realizó un service completo. Se comprobó que disco y memoria RAM funcionan correctamente. Se recomienda verificar la toma y el cable in situ.;98-11-26;1;;8;0.0;0.0
54;2025-12-10;28;53;PC lenta;Backup en unidad D, formateo e instalación. También se realizó un service completo. Se recomienda SSD de 240 Gb y memoria RAM  DDR3 de 4GB, 1333 MHz para aumentar a los 4Gb existentes;2025-12-11;1;;8;0.0;0.0
55;2025-12-10;27;47;La PC no tiene instalado el office, adobe acrobat reader. Además faltan instalar drivers de la placa madre. La placa de red WIFI detecta el SSID y valida las credenciales, pero no se conecta.;;98-11-26;1;;2;0.0;0.0
56;2025-12-10;22;54;No funciona Pregase;Se reinstalo win10 y programas;98-11-26;1;;3;0.0;0.0
57;2025-12-10;22;55;Pc Lenta;No está lenta. Tiene solo 4GB RAM. Se recomiendan 8GB TAM p/la versión WIN10 Pro N;2026-03-13;1;;5;0.0;0.0
58;2026-01-06;29;56;No inicia correctamente Sistema Operativo;Se realizó optimización y fragmentación HDD. Formateo y reinstalación WIN10 con programas complementarios. Se solucionaron fallas de arranque OS;2026-01-09;1;;5;0.0;0.0
59;2026-01-06;22;57;No responde adecuadamente - Hacer Backup y Formateo;;98-11-26;0;;5;0.0;0.0
60;2026-01-23;30;58;anda lenta - se cambio disco mecanico por SSD;;2026-01-23;1;;3;0.0;0.0
61;2026-01-23;31;59;No especifica;Formateo e instalación de SO + programas;2026-01-30;1;Ninguno. La trajo Ricardo Martinez;9;0.0;0.0
62;2026-01-30;32;60;El equipo se reinicia cada pocos minutos de forma repetida apareciendo en el monitor la pantalla azul de error, indicando en ocasiones código MEMORY MANAGEMENT o SYSTEM SERVICE EXCEPTION;Falla de disco inminente 2809 sectores defectuosos. Se testea la memoria RAM no da errores. Se entregó el informe técnico necesario para iniciar expediente.;2026-02-23;1;Ninguno;8;0.0;0.0
63;2026-02-06;1;61;Falla en disco rígido. Se realiza y entrega informe técnico para iniciar expediente.;;2026-02-06;1;Ninguno;6;0.0;0.0
64;2026-02-06;1;62;Revisión y diagnóstico porque dejó de funcionar.;Falla de disco. RAM ok;2026-02-11;1;Ninguno;8;0.0;0.0
65;2026-02-09;17;63;La PC se apaga en forma reiterada y se reinicia sola;Se detectaron sectores defectuosos en disco. La Memoria RAM no presenta errores.;2026-02-11;1;Ninguno;8;0.0;0.0
66;2026-02-10;33;66;No funciona correctamente.;Falla de disco. Memoria RAM ok.Cooler suelto y pasta térmica seca. Se realiza service completo. Se entrega informe técnico para inicio de expediente para la compra del disco.;2026-02-13;1;Ninguno;8;0.0;0.0
67;2026-02-11;11;65;Revisión técnica.;Se instaló drivers, no todos porque la PC dispone de controladores hasta Windows Vista. Programas + pregase;98-11-26;1;;8;0.0;0.0
68;2026-02-13;10;67;Traída para formateo e instalación de Windows 10 y programas.  ;Lista para retirar. Configurar en puesto de trabajo;2026-03-02;1;;2;0.0;0.0
69;2026-02-13;34;68;No guarda nueva información;ya fue retirada;98-11-26;1;disco solido kingston 240 GB;2;0.0;0.0
70;2026-02-23;32;69;Unidad SSD marca MARKVISION c falla, se hace INFORME solicitando unidad de reemplazo;;98-11-26;1;gabinete PERFORMANCE;3;0.0;0.0
71;2026-02-24;22;70;Fue traida para cambio de disco;El disco ya fue reemplazado e instalados todos los programas.  Lista para entregar. Sin Backup;98-11-26;1;disco solido hiksemi wave 240 GB;2;0.0;0.0
72;2026-02-24;19;71;Sucia, lenta, no enciende correctamente.;"No se detectaron fallas en la CPU.
Se debe tener en cuenta que el equipo posee tarjeta de video dedicada, por lo que el cable de video (HDMI o VGA) debe conectarse siempre a la placa de video.";2026-02-25;1;;5;0.0;0.0
73;2026-02-24;17;63;Cambio de disco, formateo e instalacion.;Instalacion en disco nuevo de SO, programas y Pregase. El backup está en disco viejo (Unidad E);98-11-26;1;Disco SSD 240 GB;8;0.0;0.0
74;2026-02-25;19;72;SSD MARKVISION CON  FALLA;;98-11-26;0;;3;0.0;0.0
75;2026-02-25;20;73;Revisión y Backup de Datos;Se realizó el backup y limpieza del hardware interno.;2026-02-25;1;;7;0.0;0.0
76;2026-02-25;1;74;Cambio SSD, formateo e Inst. WIN10 y Software Complementarios. S/Backup.;Se realizó cambio SSD + formateo de WIN10 y Software Complementarios. S/Backup.;2026-03-04;1;Recepción c/SSD  HIKSEMI 240GB;5;0.0;0.0
77;2026-02-27;11;75;Trajeron para revisar, no se podia instalar la impresora entre otros problemas de funcionamiento;;98-11-26;0;;2;0.0;0.0
78;2026-02-27;1;76;Instalación de Sistema Operativo, programas y Pregase. Sin Backup.;Se realizó cambio SSD. Instalación Sistema Operativo Windows 10, Programas + Pregase.S/Backup;2026-03-02;1;Disco SSD Hiksemi 256 GB;8;0.0;0.0
79;2026-02-27;10;77;boton de inicio dañado;;2026-03-02;1;;7;0.0;0.0
80;2026-02-27;35;78;Cambio de disco;Se cambio el disco por uno nuevo y se instalo softwares basicos;2026-03-03;1;Disco SSD para reemplazo;7;0.0;0.0
81;2026-03-02;22;79;Revision Técnica;;98-11-26;0;;4;0.0;0.0
82;2026-03-02;32;80;Cambio SSD;Se cambió SSD. Formateo e Instalación WIN10 c/soft. complementarios. P/instalar SAFYc, debe solicitarlo por nota al Dir Informatica. Ing. Gerardo Toro;2026-03-03;1;;5;0.0;0.0
83;2026-03-03;17;81;Se apaga aleatoriamente;;98-11-26;1;;2;0.0;0.0
84;2026-03-03;4;82;Problema de encendido;Tras la inspección técnica,se determinó que el equipo no enciende debido a una falla en la fuente de alimentación. Se comprueba con otra fuente de la oficina.Se realiza service completo.;2026-03-05;1;;8;0.0;0.0
85;2026-03-02;1;83;Revision y diagnostico porque dejo de funcionar;Pla;2026-03-04;1;;6;2326.0;0.0
86;2000-03-03;10;84;Solicita revisiòn tècnica sin especificar la falla;Falla de disco. Se entrega informe técnico para la compra del mismo;98-11-26;1;;4;0.0;0.0
87;2026-03-04;36;85;Cambio de disco, instalacion de Sistema Operativo y Programas;Se instala SO en disco SSD, se deja conectado el disco rìgido Wester Digital con el backup;2026-03-05;1;Disco Hiksemi 256 GB;8;0.0;0.0
88;2026-03-05;8;86;Pc presenta parpadeo intermintente. Disco roto. en espera de disco, ya se entrego informe, pasaran a retirar la pc hasta que llegue el repuesto;Cambio SSD ADATA. Instalación de Windows 10PRO y utilitarios;2026-03-16;1;;2;0.0;0.0
89;2026-03-05;8;87;Para revision, aparente falla de disco. Disco roto. en espera de disco, ya se entrego informe, pasaran a retirar la pc hasta que llegue el repuesto;Cambio SSD ADATA. Instalación de Windows 10PRO y utilitarios;2026-03-16;1;;2;0.0;0.0
90;2026-03-05;36;88;Inicio de Windows dañado.;;98-11-26;0;Ninguno;8;0.0;0.0
91;2026-03-05;19;89;Cambio de disco S/Backup;Se cambio SSD S/Backup + Install. WIN10 + Soft. Complementario + Limpieza `de Hardware + Cambio de pasta.;98-11-26;1;Disco SSD Kingston 240 GB;5;0.0;0.0
92;2026-03-05;19;90;Instalacion de SSD - S.O. y PROGRAMAS;;98-11-26;0;ORDEN DE PLANILLA 0172;3;0.0;0.0
93;2026-03-09;33;66;Cambio SSD. Instalación de Windows 10PRO y utilitarios. Configuración y puesta en marcha del Pregase. Backup en unidad D.;;2026-03-09;1;Disco WD Green 240 GB;8;0.0;0.0
94;2026-03-09;22;55;La trajeron a la oficina para cambio de memoria;;2026-03-16;1;Memoria DD3 8G hiker;4;0.0;0.0
95;2026-03-09;37;91;Para revisión.  Hacer backup;Disco en corto. No se puede realizar backup. Funciona bien con disco de prueba. Se realiza informe   ;98-11-26;0;;2;0.0;0.0
96;2026-03-10;24;92;PC con error de pantalla azul.;;2026-03-17;1;;2;0.0;0.0
97;2026-03-10;6;93;Revisar;Falla de disco. Se entrega informe técnico para la compra del mismo;98-11-26;1;Ninguno;8;0.0;0.0
98;2026-03-11;10;94;Instalacion Windows 10PRO, utilitarios pregase;Instalación SSD. Instalación de Windows 10PRO y utilitarios. Configuración y puesta en marcha del Pregase. S/Backup;2026-03-20;1;Disco SSD HIKSEMI 256 GB;8;110.0;0.0
99;2026-03-11;7;95;No enciende;La fuente no funciona. La placa madre presenta falla. Se pide kit de actualizacion fuente, madre micro y memoria.Se entrega informe técnico. realizado por Raúl.;2026-04-22;1;;8;0.0;0.0
100;2026-03-11;35;96;Revisar.Falla de fuente;Falla de fuente, se presta provisoriamente fuente de la oficina.;2026-03-16;1;;3;0.0;0.0
101;2026-03-11;9;97;Revisar posible falla de disco (pantalla azul);Equipo s/diagnósticar. No correspone falla indicada. Se le Install Soft. complementarios + Limpieza Hard. Interno + Optimizado Soft.;2026-03-16;1;Recibida por: Ing. Mateo Fornacieri;5;0.0;0.0
102;2026-03-11;36;98;se reinicia ;;2026-03-13;1;;6;0.0;0.0
103;2026-03-12;38;99;Posible falla de disco. PANTALLA AZUL;Se ralizó cambio SSD + Instal WIN10 + Soft. Complementario + Limpieza interna Hardware + Cambio Pasta Térmica.;2026-03-18;1;Reparada por: Ing. Gambino Fernando;5;0.0;0.0
104;2026-03-12;4;100;Diagnosticar;Mantenimiento técnico, consistente en limpieza integral y verificación de mecanismos. Tras las pruebas de diagnóstico, se confirma el correcto funcionamiento del equipo y se adjunta HojaPrueba;2026-03-12;1;;8;0.0;0.0
105;2026-03-12;1;101;Cambio SSD. Instalación Windows 10PRO, utilitarios ;Instalación de Windows 10PRO, utilitarios;2026-03-20;1;Disco SSD 240 GB;4;12326.0;0.0
106;2026-03-12;1;102;Revisión y diagnóstico. Optimizar funcionamiento;Instalación de Windows 10PRO y utilitarios. Configuración y puesta en marcha del Pregase. S/Backup;2026-03-19;1;;8;0.0;0.0
107;2026-03-12;4;103;Revisar y diagnosticar;"La impresora tiene un bloqueo crítico (luz roja fija) por el error de Tóner no compatible. Esto indica una falla con el chip del insumo; por lo cual se solicita su reemplazo.";2026-03-19;1;;8;0.0;0.0
108;2026-03-16;7;104;No funciona;Se hizo formato de bajo nivel, se reinstalo SO y programas, se hizo y restauro backup;2026-03-20;1;;3;0.0;0.0
109;2026-03-16;35;2;Sin ticket;Se procedió a formatear y reinstalar Sistema Operativo Win10 Pro.;2026-03-20;1;;10;0.0;0.0
110;2026-03-16;39;105;Falla Placa Madre y posiblemente microprocesador.;Se presta provisoriamente una placa madre de la oficina, hasta tanto se compre el microprocesador para la mother BIostar H610M;2026-03-16;1;mother Biostar H610M- RAM DDR4 8GB-SSD Kingston 240 GB;8;0.0;0.0
111;2026-03-17;21;106;Fue traida para revision y acondicionamiento para uso.;La pc tenia W7. Se instalo Win 10. Sin backup. Lista para retirar;98-11-26;1;;2;0.0;0.0
112;2026-03-17;40;107;Atasco de papel, mancha de tinta en las hojas, luz de error encendida en forma permanente;Fallo Crítico de Autodiagnóstico.No se registra movimiento mecánico, el sist. electrónico bloquea el arranque.Causas probables fallo en unidad fusora o motor o sensor de salida obstruido.Inf. Técnico;2026-03-19;1;;8;0.0;0.0
113;2026-03-17;41;108;problemas con el disco rigido, Pantalla azul;;2026-03-18;1;Disco ssd 240 gb;7;0.0;0.0
114;2026-03-18;21;109;Trajeron la PC para actualizar el sistema operativo;No se puede actualizar el sistema operativo debido a modelo de microprocesador inadecuado por antiguo. Se dio aviso para retirar.;98-11-26;1;;2;0.0;0.0
115;2026-03-18;7;110;Pantalla azul.;Falla en disco. Se realiza el cambio de disco. Instalacion de Sistema Operativo + programas;2026-03-19;1;;4;0.0;0.0
116;2026-03-19;43;111;No enciende;"Diagnóstico: falla placa madre y fuente de alim.
Se procede a reemplazar en calidad de prestamo x otra placa y fuente p/q el equipo pueda ser usado hasta se consigan los repuestos detallados en repor";2026-03-25;1;;10;0.0;0.0
117;2026-03-20;21;112;PC No enciende;se cambio el adaptador molex y el cable de power. Fue devuelta el 20/03/2026;2026-03-31;1;;2;0.0;0.0
118;2026-03-20;38;113;Apagado repentino y continuo durante su uso;Se probó 72hs SIN FALLAS. Se realizo limpieza Hardware Interna + cambio de pasta.;2026-03-26;1;Ninguno;5;0.0;0.0
119;2026-03-31;4;84;"Se procedió al cambio de la fuente; el equipo sustituido fue devuelto a la oficina del Área Técnica.";"Se realizó el cambio de fuente; el equipo sustituido fue devuelto a la oficina de Área Técnica.";2026-04-01;1;Fuente NOGA ATX 650W;8;0.0;0.0
120;2026-03-31;7;114;Problemas con el Pregase;;98-11-26;0;;4;0.0;0.0
121;2026-03-31;44;115;Cambio SSD. Instalación Windows 10 PRO + utilitarios;Se instalo nuevo SSD. El anterior nuevo estaba defectuoso. Se instaló WIN10 + Soft. Complementarios.;98-11-26;1;SSD Patriot 120 GB;7;0.0;0.0
122;2026-03-31;11;116;;;98-11-26;0;Hacer Backup. Chequear salida de video. Hacer limpieza general;7;0.0;0.0
123;2026-04-01;36;117;"- Colocación de RAM y SSD
";"06/04/2026
- Colocación de SSD y RAM
- Instalación de SO Win11 + Office '19 + Acad '23";2026-04-06;1;Incluye RAM 8GB DDR4 y SSD 480GB para instalación;10;0.0;0.0
124;2026-04-06;32;118;"- Falla HDD
- Colocar SSD adquirido";"Respaldo de la información de los usuarios activos.
Reemplazo del disco por el recibido (SSD Kingston de 240GB) e instalación de SO.
Restauración de la información.
";98-11-26;1;ninguno.;11;0.0;0.0
125;2026-04-07;4;119;PC NO ENCIENDE, PLACA MADRE C FALLA;;98-11-26;0;;3;0.0;0.0
126;2026-04-07;7;120;Problemas con el Pregase.;Formateo e instalacion de Windows 10 PRO+ programas;98-11-26;1;;4;0.0;0.0
127;2026-04-08;4;121;No enciende -> falla fuente de alimentación;;98-11-26;0;Sin Accesorios;10;0.0;0.0
147;2026-05-13;24;139;Pc muestra un error en la imagen y luego se clava;Se formateo y agrego memoria. AMD A4 con 4GB +4. Entregada el 14/05/26;2026-05-14;1;;2;0.0;0.0
148;2026-05-11;4;140;Equipo de reinicia;Chequeo de memoria y disco. Prueba de estres (sin fallas). Resguaro de información del usuario. Reinstalación de SO, se guardó la información del usuario. Configuración de unidades de red e impresora.;98-11-26;1;;11;0.0;0.0
128;2026-04-09;36;122;El equipo no presenta un correcto funcionamiento. El SO corre lento, le cuesta abrir programas y se apaga sólo a 5 o 10 minutos de haberlo encendido.;Falla en disco. Se realiza informe para solicitar M.2 NVMe de 250 GB.;2026-04-16;1;;8;0.0;0.0
129;2026-04-14;1;123;Revisión y diagnóstico de PC, debido a mal funcionamiento.;Equipos SIN FALLAS. Se aprovecho para limpieza.;2026-04-17;1;Ninguno;5;0.0;0.0
130;2026-04-14;4;124;Diagnóstico y reparación de PC. No tiene Fuente de alimentación.;Se realizó el informe de pedido de fuente. Se saco el Disco HD de la misma y se lo instaló en la PC MagnunTech(Orden SatManager 131);2026-04-23;1;;8;0.0;0.0
131;2026-04-14;4;125;Diagnóstico y reparación.;Se formatea e instala Windows 10PRO + utilitarios. Pregase. Se instala el HD de la PC cuya orden de SatManager es 130. Se guarda Backup en unidad E y F.;2026-04-23;1;;8;0.0;0.0
132;2026-04-14;1;102;;Formateo e instalación de Windows 10PRO + utilitarios. Disco HD en buen estado.;2026-05-08;1;;8;0.0;0.0
133;2026-04-14;11;126;No funciona Pregase. Reinstalar. Hacer Backup;"Se procedio a:
- Formateo
- Reinstalación de SO Win7 32bits
- Instalación y config de Pregase.";98-11-26;1;;10;0.0;0.0
134;2026-04-15;10;127;Pantalla azul;;98-11-26;0;;3;0.0;0.0
135;2026-04-22;7;128;Para cambio de Fuente y devolución de la fuente prestada de la oficina de Area tecnica.;;98-11-26;1;Fuente 650W Noganet;7;0.0;0.0
136;2026-04-23;45;129;Revisión técnica debido a que la PC no enciende con normalidad.;Se cambió el boton de encendido y se empastino el micro.;2026-05-18;1;;7;0.0;0.0
137;2026-04-23;1;130;Revisión técnica por mal funcionamiento.;Formateo e instalacion de WIndows 10PRO + utilitarios. Con backup en unidad D.;2026-05-06;1;;8;0.0;0.0
138;2026-04-23;10;131;Revisión Técnica: Equipo no responde adecuadamente.;Se realizó cambio de Disco por M2 + Formateo + Inst. WIN10 + Office 2016 + Soft. Complementario. Limpieza interna de Hardware + Micro y cambio de pasta térmica.;98-11-26;1;Soliitude de un M2 de  240GB;5;0.0;0.0
139;2026-04-27;6;132;Se reinicia constantemente.;Error Pantalla Azul:  se determinó que la falla presentada se origina en la unidad de estado sólido (SSD) marca MARKVISION de 240 GB, la cual presenta deficiencias de funcionamiento que impiden el arr;98-11-26;0;A espera de M2 SSD 240GB;5;0.0;0.0
140;2026-04-29;22;133;El equipo se reincia;El equipo presenta falla en la unidad de almacenamiento SSD. Se prepara el informe técnico para la gestión del componente a reemplazar.;98-11-26;1;;11;0.0;0.0
141;2026-04-30;10;134;No enciende equipo;Se determino Falla SSD (Markvision) y Tarjeta de Red. Se realizó informe tec. p/Compra de un SSD. Reemplazo de SSD Kingston provisto por Juridico. Instalación de Windows PRO;98-11-26;1;;7;0.0;0.0
142;2026-05-04;22;133;Falla en SSD;Recuperación de la información del usuario. Reemplazo de la unidad de almacenamiento SSD. Instalación de sistema operativo con el softaware necesario.;98-11-26;1;Se recibe unidad de almacenamiento SSD msi Spatium S270 de 240 GB;11;45.0;0.0
143;2026-05-05;46;135;PC lenta, con fallas. Para formateo;Backup de la información de usuarios. Instalación de sistema operativo. Se resguarda el backup realizado en la partición Datos.;98-11-26;1;;11;0.0;0.0
144;2026-05-06;36;136;"El cliente indica que el equipo se reinicia constantemente al estar usandolo
Ticket referencia: #016035";"Falla en placa madre, presenta problemas aleatorios, se recomienda el remplazo de la misma y acompañar con una fuente de mejor calidad.
Se procedio a formatear y reinstalar SO para mejorar el rendimi";2026-05-13;1;Sin cables, sin accesorios;10;0.0;0.0
145;2026-05-06;4;137;Pantalla azul. No carga Windows 10PRO;Formateo e instalación Windows 10PRO + utilitarios. Con backup usuario ojedac;2026-05-06;1;;8;0.0;0.0
146;2026-05-06;47;138;Revisión de PC por mal funcionamiento. Realiza descarga eléctrica al encenderla.;No se encontraron fallas relevantes en el equipo, se realizó limpieza de SO, recomendamos probarla in-situ.;98-11-26;1;;10;0.0;0.0
149;2026-05-14;17;141;No enciende;Falla de Fuente. Se solicita nueva, certificada, mediante informe.  PC e informe fueron retirados el 15/05/26;2026-05-15;1;;2;0.0;0.0
150;2026-05-14;48;142;Instalar Windows 10PRO;;2026-05-18;1;Disco SSD 240 GB Kingston;8;0.0;0.0
151;2026-05-21;21;143;Se reinicia luego de pantallazo;Disco roto, no guarda cambios y no permite reiniciar. Se solicita nuevo disco, mediante nota entregada el dia 21/05;98-11-26;1;;2;0.0;0.0
152;2026-05-21;21;144;Cambio de Disco, formateo e instalacion;22/05 lista para ser retirada. Backup en C:. Se debe devolver junto a disco viejo;98-11-26;0;Disco solido Patriot Burst de 240 GB;2;0.0;0.0
153;2026-05-22;36;145;Enciende, pero no levanta el sistema operativoni muestra imagen;Placa madre dañada, se realiza informe con combo de actualización (procesador, placa madre y memoria).;98-11-26;1;;10;0.0;0.0
154;2026-05-22;49;146;Se reinicia y da pantallazo azul;;98-11-26;0;;2;0.0;0.0
155;2026-05-29;36;122;Instalar SSD NVMe M.2 2280. Instalar Windows 10PRO más utilitarios. Con Backup;;98-11-26;1;Disco NVMe Marca Lexar NM620 256 GB;8;0.0;0.0
156;2026-05-29;45;147;Cambio de Fuente y limpieza (la PC pertenece a Presupuesto);;98-11-26;0;Fuente 700W Sentey Certificada;8;0.0;0.0
157;2026-06-02;17;141;Cambio de Fuente realizado;;98-11-26;0;Fuente Sentey 700w certificada;8;0.0;0.0
158;2026-06-02;21;143;Traida para cambio de Disco ;;98-11-26;0;Disco solido 240 gb HIKSEMI;2;0.0;0.0
159;2026-06-01;10;127;El disco presentaba fallas;;98-11-26;0;;7;0.0;0.0
